BATCH,ANIMAL.ID,STRAIN,TREATMENT,PctImb
2,24,C57BL/6J,OVX,32.6359828
2,26,CBA/J,OVX,1.170894733
2,28,CBA/J,OVX,13.19018369
2,30,DBA/2J,OVX,14.89539887
2,31,DBA/2J,OVX,2.28603329
2,34,FVB/NJ,OVX,1.059380989
2,36,FVB/NJ,OVX,0.2787845
2,38,LP/J,OVX,2.955115478
2,40,LP/J,OVX,34.10549871
2,42,NOD/ShiLtJ,OVX,29.52327683
2,43,NOD/ShiLtJ,OVX,26.39508831
3,46,C57BL/6J,OVX,55.40992745
3,48,C57BL/6J,OVX,24.37255849
3,49,PL/J,OVX,21.17745593
3,55,SJL/J,OVX,6.222098402
3,56,SJL/J,OVX,11.60390438
3,58,SM/J,OVX,1.56162945
3,60,SM/J,OVX,2.03512646
4,84,129S1/SvlmJ,OVX,6.27615176
4,86,129S1/SvlmJ,OVX,4.743303587
4,72,NON/ShiLtJ,OVX,36.87883858
4,73,NON/ShiLtJ,OVX,18.66629381
4,76,NZW/LacJ,OVX,37.05357022
4,78,NZW/LacJ,OVX,16.31799196
5,88,A/J,OVX,53.93195712
5,89,A/J,OVX,34.47698732
5,91,AKR/J,OVX,61.96318943
5,94,AKR/J,OVX,59.14038639
5,102,MRL/MpJ,OVX,49.9721133
5,103,MRL/MpJ,OVX,48.74511796
6,122,C57BL/6J,OVX,28.25662591
6,109,CBA/J,OVX,0.027878506
6,112,CBA/J,OVX,0
6,115,DBA/2J,OVX,0.41817675
6,116,DBA/2J,OVX,4.237523677
6,118,LP/J,OVX,13.39285687
6,119,LP/J,OVX,27.10776169
6,124,NOD/ShiLtJ,OVX,0.446055534
6,126,NOD/ShiLtJ,OVX,0.334541511
7,136,NOR/LtJ,OVX,33.57541883
7,141,PL/J,OVX,3.430006309
7,143,SJL/J,OVX,30.35714276
7,144,SJL/J,OVX,9.040177963
7,149,SM/J,OVX,10.34002264
7,150,SM/J,OVX,1.560758697
8,161,129S1/SvlmJ,OVX,18.88423894
8,163,129S1/SvlmJ,OVX,20.25669739
8,153,A/J,OVX,10.65253695
8,154,A/J,OVX,23.59017209
8,155,C57BL/6J,OVX,25.92075972
9,169,BALB/cByJ,OVX,48.4104865
9,171,BALB/cByJ,OVX,34.30086611
9,181,BTBR T+tf/J,OVX,4.182934754
10,197,DBA/2J,OVX,18.59170712
10,198,DBA/2J,OVX,9.440267552
10,206,LP/J,OVX,42.41832062
11,220,129S1/SvlmJ,OVX,24.25425123
11,222,129S1/SvlmJ,OVX,24.53987791
11,217,C57BL/6J,OVX,18.9626325
11,223,SJL/J,OVX,18.72209689
11,224,SJL/J,OVX,30.94308124
12,241,BALB/cByJ,OVX,28.91431798
12,242,BALB/cByJ,OVX,48.56345933
12,259,C3H/HeJ,OVX,29.3887798
12,260,C3H/HeJ,OVX,24.02343764
12,240,C57BL/6J,OVX,34.07758797
14,292,129S1/SvlmJ,OVX,23.93305351
14,294,129S1/SvlmJ,OVX,29.57589268
14,283,A/J,OVX,36.76716981
14,284,A/J,OVX,46.82096882
14,288,C57BL/6J,OVX,38.37144381
15,314,AKR/J,OVX,62.91132099
15,304,BALB/cByJ,OVX,40.26227569
15,305,BALB/cByJ,OVX,43.72560038
15,319,BTBR T+tf/J,OVX,3.430004916
15,320,BTBR T+tf/J,OVX,25.78756765
15,310,C3H/HeJ,OVX,3.65411471
15,323,C57BL/6J,OVX,33.4635792
16,330,DBA/2J,OVX,14.44909421
16,332,DBA/2J,OVX,1.840491136
16,326,MRL/MpJ,OVX,41.81767389
16,328,MRL/MpJ,OVX,29.13298332
16,340,NZW/LacJ,OVX,29.27237306
16,342,NZW/LacJ,OVX,6.469603863
16,338,PL/J,OVX,11.87622059
17,354,C57BL/6J,OVX,14.91913022
17,349,CBA/J,OVX,8.872766636
17,350,CBA/J,OVX,8.198550715
17,344,SJL/J,OVX,40.69215746
17,346,SJL/J,OVX,58.12395175
19,393,AKR/J,OVX,41.25523158
19,394,AKR/J,OVX,57.19464475
19,378,BTBR T+tf/J,OVX,5.972647454
19,383,C3H/HeJ,OVX,40.86980776
19,386,C3H/HeJ,OVX,17.08948751
19,382,C57BL/6J,OVX,2.286669666
19,389,MRL/MpJ,OVX,22.28730734
19,390,MRL/MpJ,OVX,8.258929189
21,410,BALB/cByJ,OVX,6.616415515
21,411,BALB/cByJ,OVX,19.00641872
21,407,C57BL/6J,OVX,41.36300412
21,414,SJL/J,OVX,5.476787164
21,415,SJL/J,OVX,4.757929385
23,442,MRL/MpJ,OVX,20.70693233
23,443,MRL/MpJ,OVX,19.13769307
23,444,MRL/MpJ,OVX,2.921535617
23,446,MRL/MpJ,OVX,15.72502168
23,434,NOR/LtJ,OVX,10.79577146
23,435,NOR/LtJ,OVX,13.0144615
23,425,NZW/LacJ,OVX,0.890125285
23,428,NZW/LacJ,OVX,10.8852996
23,430,NZW/LacJ,OVX,0.111234927
23,432,NZW/LacJ,OVX,15.18353814
24,470,129S1/SvlmJ,OVX,15.31832134
24,456,DBA/2J,OVX,8.368083925
24,457,DBA/2J,OVX,31.35946653
24,453,NON/ShiLtJ,OVX,11.76307085
24,465,PL/J,OVX,34.41757106
24,466,PL/J,OVX,16.37930869
24,467,PL/J,OVX,30.71786239
24,469,PL/J,OVX,15.30754241
25,484,CBA/J,OVX,0.685947959
25,485,CBA/J,OVX,0.593141576
25,487,FVB/NJ,OVX,0.037071418
25,488,FVB/NJ,OVX,0.01853557
25,478,SWR/J,OVX,0.037071418
25,480,SWR/J,OVX,0.2409638
26,506,C3H/HeJ,OVX,16.81809788
26,508,C3H/HeJ,OVX,4.004448161
26,510,C3H/HeJ,OVX,7.36275914
26,504,C57L/J,OVX,46.20804783
26,515,C57L/J,OVX,6.787831786
26,499,NZW/LacJ,OVX,4.671858226
26,501,NZW/LacJ,OVX,70.59587812
27,519,KK/HIJ,OVX,7.026324817
27,521,KK/HIJ,OVX,6.43307439
27,523,MA/MyJ,OVX,0.963856311
27,525,MA/MyJ,OVX,14.50296685
28,559,A/J,OVX,10.36336683
28,529,AKR/J,OVX,42.04861874
28,530,AKR/J,OVX,38.20474758
28,531,AKR/J,OVX,7.843500783
28,533,MOLF/EiJ,OVX,80.05191239
29,545,NZO/HILtJ,OVX,9.837587299
29,546,NZO/HILtJ,OVX,2.874361433
29,541,ZALENDE/EiJ,OVX,8.9053795
30,567,LP/J,OVX,15.25266534
31,602,LG/J,OVX,8.441558418
31,604,LG/J,OVX,1.529193281
31,598,PERA/EiJ,OVX,46.80260092
31,600,PERA/EiJ,OVX,34.77046629
31,594,PWD/PhJ,OVX,0.185357551
31,595,PWD/PhJ,OVX,0.509730974
32,609,I/LnJ,OVX,21.82576446
32,612,I/LnJ,OVX,36.62494293
32,605,NZO/HILtJ,OVX,9.364855556
32,608,NZO/HILtJ,OVX,33.53432509
33,624,NOD/ShiLtJ,OVX,1.529194115
34,632,BTBR T+tf/J,OVX,1.946245969
34,627,C3H/HeJ,OVX,6.672845783
34,645,C57BL/6J,OVX,13.39823817
34,646,C57BL/6J,OVX,22.39221068
34,637,C57BR/cdJ,OVX,4.823746833
34,640,C57BR/cdJ,OVX,12.33194472
34,651,DBA/2J,OVX,2.224282576
34,652,DBA/2J,OVX,21.13067544
34,648,NZO/HILtJ,OVX,15.80167029
34,635,SM/J,OVX,0.231696154
34,636,SM/J,OVX,0
34,630,WSB/EiJ,OVX,0.834105931
34,631,WSB/EiJ,OVX,0.648748564
35,653,MA/MyJ,OVX,0.231695598
35,656,MA/MyJ,OVX,2.270620529
35,663,PERA/EiJ,OVX,45.91836735
35,664,PERA/EiJ,OVX,31.2471038
35,659,RIIIS/J,OVX,0.139017748
35,660,RIIIS/J,OVX,0.185356534
35,661,RIIIS/J,OVX,0
36,671,KK/HIJ,OVX,3.243743374
36,672,KK/HIJ,OVX,2.038925486
36,673,KK/HIJ,OVX,2.919369092
36,676,MA/MyJ,OVX,0.092678128
36,683,PERA/EiJ,OVX,18.16496867
36,684,PERA/EiJ,OVX,27.38646854
36,678,RIIIS/J,OVX,0.324374282
36,681,RIIIS/J,OVX,0.370713346
37,688,MA/MyJ,OVX,0.417053799
37,689,MA/MyJ,OVX,0.18535709
37,691,ZALENDE/EiJ,OVX,0.788497356
37,693,ZALENDE/EiJ,OVX,7.414271363
38,695,P/J,OVX,8.530366261
38,697,P/J,OVX,30.14842217
38,698,P/J,OVX,14.59684796
38,701,P/J,OVX,2.6889198
38,703,WSB/EiJ,OVX,36.16133569
38,705,WSB/EiJ,OVX,4.636069163
39,714,BALB/cByJ,OVX,4.033378994
39,715,BALB/cByJ,OVX,7.136235312
39,716,BALB/cByJ,OVX,13.30551565
39,712,C57BL/6J,OVX,10.14828559
39,720,LG/J,OVX,12.60426098
39,722,LG/J,OVX,8.341057089
39,725,SEA/GnJ,OVX,49.88409585
39,726,SEA/GnJ,OVX,17.56255779
39,706,SWR/J,OVX,0.370713624
39,709,SWR/J,OVX,0.278034662
39,710,SWR/J,OVX,0.417052966
39,727,WSB/EiJ,OVX,8.063022149
39,729,WSB/EiJ,OVX,16.07970246
40,735,C57BR/cdJ,OVX,12.55792525
40,737,C57BR/cdJ,OVX,14.14656623
40,740,P/J,OVX,4.726599536
40,741,P/J,OVX,1.529903335
41,749,C57BR/cdJ,OVX,4.726598425
41,750,C57BR/cdJ,OVX,5.331480149
41,760,CZECHII/EiJ,OVX,7.18258132
41,762,CZECHII/EiJ,OVX,18.08905542
41,756,LG/J,OVX,9.96754795
41,758,LG/J,OVX,12.37256705
41,764,PWD/PhJ,OVX,0.231696154
41,765,PWD/PhJ,OVX,0.602409222
42,785,CZECHII/EiJ,OVX,8.016679197
42,777,I/LnJ,OVX,49.07321719
42,778,I/LnJ,OVX,19.64782234
42,771,MOLF/EiJ,OVX,14.94199502
42,774,MOLF/EiJ,OVX,1.853568119
42,796,MOLF/EiJ,OVX,0.556070713
42,797,MOLF/EiJ,OVX,0.092678406
42,781,PERA/EiJ,OVX,42.73781827
42,782,PERA/EiJ,OVX,17.74791515
42,768,SEA/GnJ,OVX,48.95688199
42,787,ZALENDE/EiJ,OVX,4.587580955
42,788,ZALENDE/EiJ,OVX,5.23633063
43,817,BALB/cByJ,OVX,2.039870193
43,820,BALB/cByJ,OVX,3.799814088
43,815,C57BL/6J,OVX,25.25486576
43,809,CBA/J,OVX,70.7192595
43,810,CBA/J,OVX,14.98144703
43,811,CBA/J,OVX,97.84986576
43,812,CBA/J,OVX,90.02781397
43,805,I/LnJ,OVX,24.76808662
43,808,I/LnJ,OVX,49.07321719
43,822,NON/ShiLtJ,OVX,14.7495384
43,823,NON/ShiLtJ,OVX,23.16960037
43,825,NON/ShiLtJ,OVX,22.29949048
43,803,NOR/LtJ,OVX,82.15940811
43,804,NOR/LtJ,OVX,98.14557255
43,826,SEA/GnJ,OVX,14.7495384
43,827,SEA/GnJ,OVX,23.16960037
44,834,NZO/HILtJ,OVX,70.7192595
44,836,NZO/HILtJ,OVX,14.98144703
44,832,ZALENDE/EiJ,OVX,98.14557255
45,847,I/LnJ,OVX,14.41149198
45,850,I/LnJ,OVX,1.343836469
45,851,I/LnJ,OVX,1.390176089
45,854,I/LnJ,OVX,3.336423169
45,855,I/LnJ,OVX,2.22428202
10.2,209,FVB/NJ,OVX,4.907976349
10.2,211,FVB/NJ,OVX,1.338164932
11.2,227,PL/J,OVX,30.94308124
11.2,228,PL/J,OVX,18.72209689
11.2,232,SM/J,OVX,0.864231449
11.3,235,SWR/J,OVX,29.60691457
11.3,236,SWR/J,OVX,2.481182273
13.2,271,NOD/ShiLtJ,OVX,62.47906207
13.2,275,NOR/LtJ,OVX,56.34234724
13.3,281,FVB/NJ,OVX,3.488696338
13.3,282,FVB/NJ,OVX,0
14.2,301,CBA/J,OVX,6.244773302
14.2,302,CBA/J,OVX,6.720580661
15.2,317,C57L/J,OVX,20.53571402
15.2,318,C57L/J,OVX,8.953974672
20.2,403,CZECHII/EiJ,OVX,0.973033918
20.2,404,CZECHII/EiJ,OVX,3.560501418
24.2,448,NON/ShiLtJ,OVX,11.84979119
24.2,449,NON/ShiLtJ,OVX,27.2676669
25.2,490,SM/J,OVX,87.00166893
25.2,496,SM/J,OVX,2.205745895
28.2,549,A/J,OVX,14.00741865
28.2,538,RIIIS/J,OVX,0.092678406
28.2,539,RIIIS/J,OVX,0
29.2,552,PWD/PhJ,OVX,0.13901747
29.2,554,PWD/PhJ,OVX,0.509731094
30.2,587,SEA/GnJ,OVX,42.57885111
30.2,588,SEA/GnJ,OVX,66.35774031
30.3,589,LG/J,OVX,19.04541228
30.3,591,LG/J,OVX,24.52480391
35.2,666,I/LnJ,OVX,27.06209398
35.2,668,I/LnJ,OVX,38.22984203
39.2,732,LG/J,OVX,2.039870193
39.2,733,LG/J,OVX,4.26320584
3.2,62,NOR/LtJ,OVX,0.50209194
3.2,64,NOR/LtJ,OVX,0.278784222
42.2,866,MOLF/EiJ,OVX,0.278035773
42.2,869,MOLF/EiJ,OVX,0.278035496
42.2,791,P/J,OVX,0.648748564
42.2,793,P/J,OVX,24.32683553
44.2,842,KK/HIJ,OVX,0.648749675
44.2,843,KK/HIJ,OVX,0.556069602
4.2,67,C57L/J,OVX,26.09422954
4.2,70,C57L/J,OVX,10.70831006
8.2,167,AKR/J,OVX,16.32709956
8.2,168,AKR/J,OVX,12.55580274
9.2,192,NON/ShiLtJ,OVX,40.23982151
9.2,194,NON/ShiLtJ,OVX,58.15899498
2,25,CBA/J,SHAM,11.77126988
2,27,CBA/J,SHAM,0.167317401
2,29,DBA/2J,SHAM,44.72656241
2,32,DBA/2J,SHAM,25.21617791
2,33,FVB/NJ,SHAM,0.864473008
2,35,FVB/NJ,SHAM,8.672615524
2,37,LP/J,SHAM,24.83258874
2,39,LP/J,SHAM,12.49302947
2,41,NOD/ShiLtJ,SHAM,58.54474529
2,44,NOD/ShiLtJ,SHAM,2.174518432
3,45,C57BL/6J,SHAM,23.66071147
3,47,C57BL/6J,SHAM,5.939766215
3,52,PL/J,SHAM,11.74665188
3,53,SJL/J,SHAM,3.512685035
3,54,SJL/J,SHAM,2.31391096
3,57,SM/J,SHAM,0.473933761
3,59,SM/J,SHAM,17.95872837
4,83,129S1/SvlmJ,SHAM,14.98325905
4,85,129S1/SvlmJ,SHAM,0.808700446
4,71,NON/ShiLtJ,SHAM,7.919688193
4,74,NON/ShiLtJ,SHAM,7.10900503
4,75,NZW/LacJ,SHAM,46.44351784
4,77,NZW/LacJ,SHAM,14.05857679
5,87,A/J,SHAM,55.1647112
5,90,A/J,SHAM,22.03295224
5,92,AKR/J,SHAM,61.16071471
5,93,AKR/J,SHAM,49.48396075
5,101,MRL/MpJ,SHAM,49.28870193
5,104,MRL/MpJ,SHAM,33.15657235
6,121,C57BL/6J,SHAM,46.49930345
6,110,CBA/J,SHAM,0.362520803
6,111,CBA/J,SHAM,0
6,113,DBA/2J,SHAM,6.919643864
6,114,DBA/2J,SHAM,1.756341682
6,117,LP/J,SHAM,2.5090605
6,120,LP/J,SHAM,21.61785166
6,123,NOD/ShiLtJ,SHAM,3.652078399
7,133,C57BL/6J,SHAM,32.25536621
7,134,C57BL/6J,SHAM,11.99107616
7,135,NOR/LtJ,SHAM,18.82845333
7,137,NOR/LtJ,SHAM,23.17345131
7,139,PL/J,SHAM,11.67597761
7,140,PL/J,SHAM,4.406023044
7,145,SJL/J,SHAM,27.47836052
7,146,SJL/J,SHAM,7.636566842
7,148,SM/J,SHAM,0.278706244
8,162,129S1/SvlmJ,SHAM,26.6313439
8,164,129S1/SvlmJ,SHAM,13.83156785
8,151,A/J,SHAM,7.612938556
8,152,A/J,SHAM,0.920503098
8,156,C57BL/6J,SHAM,5.716675418
9,170,BALB/cByJ,SHAM,26.46566325
9,172,BALB/cByJ,SHAM,25.64173971
9,179,BTBR T+tf/J,SHAM,15.66332148
9,180,BTBR T+tf/J,SHAM,6.216893961
9,183,C3H/HeJ,SHAM,6.497490421
9,185,C3H/HeJ,SHAM,16.79219039
10,199,C57BL/6J,SHAM,11.63179791
10,195,DBA/2J,SHAM,0.890372677
10,196,DBA/2J,SHAM,16.44865051
10,208,LP/J,SHAM,43.30357168
11,219,129S1/SvlmJ,SHAM,68.13493176
11,221,129S1/SvlmJ,SHAM,11.9631904
11,225,SJL/J,SHAM,14.4490931
11,226,SJL/J,SHAM,20.13947046
12,243,BALB/cByJ,SHAM,34.32877443
12,244,BALB/cByJ,SHAM,23.86934566
12,257,C3H/HeJ,SHAM,15.35026604
12,258,C3H/HeJ,SHAM,20.55214545
12,255,MRL/MpJ,SHAM,44.5312516
12,256,MRL/MpJ,SHAM,43.2635981
14,291,129S1/SvlmJ,SHAM,15.24951087
14,293,129S1/SvlmJ,SHAM,17.69467007
14,285,A/J,SHAM,19.61495581
14,286,A/J,SHAM,33.41701504
14,287,C57BL/6J,SHAM,23.45231578
14,289,C57BL/6J,SHAM,14.99860655
14,290,C57BL/6J,SHAM,31.35285824
15,311,AKR/J,SHAM,52.60809002
15,313,AKR/J,SHAM,52.62276781
15,303,BALB/cByJ,SHAM,24.6235378
15,306,BALB/cByJ,SHAM,34.21639673
15,321,BTBR T+tf/J,SHAM,2.230276557
15,322,BTBR T+tf/J,SHAM,0.473933483
15,309,C3H/HeJ,SHAM,5.298382889
15,324,C57BL/6J,SHAM,12.63245861
16,334,C57BL/6J,SHAM,30.53307291
16,329,DBA/2J,SHAM,0.557568722
16,331,DBA/2J,SHAM,2.481181159
16,325,MRL/MpJ,SHAM,10.2342447
16,327,MRL/MpJ,SHAM,15.64853511
16,339,NZW/LacJ,SHAM,3.793583331
16,341,NZW/LacJ,SHAM,35.86168558
16,335,PL/J,SHAM,8.342634156
16,336,PL/J,SHAM,99.66545821
16,337,PL/J,SHAM,11.57924083
17,348,CBA/J,SHAM,6.973500438
17,357,NOD/ShiLtJ,SHAM,19.52035782
17,358,NOD/ShiLtJ,SHAM,28.29662787
17,343,SJL/J,SHAM,36.81272518
17,345,SJL/J,SHAM,36.62482593
18,367,129S1/SvlmJ,SHAM,15.42107857
18,368,129S1/SvlmJ,SHAM,14.2777455
18,359,A/J,SHAM,48.9813005
18,360,A/J,SHAM,39.02982917
18,369,BTBR T+tf/J,SHAM,40.64156173
18,371,BTBR T+tf/J,SHAM,1.366043716
19,391,AKR/J,SHAM,40.49079775
19,392,AKR/J,SHAM,37.79637221
19,377,BTBR T+tf/J,SHAM,3.067484112
19,384,C3H/HeJ,SHAM,1.31065237
19,385,C3H/HeJ,SHAM,9.260808785
19,381,C57BL/6J,SHAM,7.694452814
19,387,MRL/MpJ,SHAM,6.307563575
19,388,MRL/MpJ,SHAM,8.647139217
21,409,BALB/cByJ,SHAM,13.32774394
21,408,C57BL/6J,SHAM,38.4144647
21,413,SJL/J,SHAM,15.10011143
21,416,SJL/J,SHAM,15.69718755
23,441,MRL/MpJ,SHAM,3.587319464
23,445,MRL/MpJ,SHAM,12.76773513
23,433,NOR/LtJ,SHAM,0.055617464
23,436,NOR/LtJ,SHAM,0.556174359
23,426,NZW/LacJ,SHAM,3.197998607
23,427,NZW/LacJ,SHAM,0.305895217
23,429,NZW/LacJ,SHAM,0
23,431,NZW/LacJ,SHAM,2.641823414
24,455,DBA/2J,SHAM,0.333611287
24,451,NON/ShiLtJ,SHAM,1.779260938
24,452,NON/ShiLtJ,SHAM,5.949402719
24,463,PL/J,SHAM,15.6284749
24,464,PL/J,SHAM,24.20701053
24,468,PL/J,SHAM,12.60083439
25,481,CBA/J,SHAM,2.001854346
25,486,FVB/NJ,SHAM,0.333642484
25,489,FVB/NJ,SHAM,0
25,476,SWR/J,SHAM,0.815570639
25,477,SWR/J,SHAM,0
25,479,SWR/J,SHAM,77.67260661
26,507,C3H/HeJ,SHAM,10.40816421
26,509,C3H/HeJ,SHAM,10.1056926
26,511,C3H/HeJ,SHAM,22.61176159
26,502,C57L/J,SHAM,43.79521446
26,505,C57L/J,SHAM,24.02151869
26,514,C57L/J,SHAM,1.242120655
26,498,NZW/LacJ,SHAM,88.86827202
26,500,NZW/LacJ,SHAM,1.575532345
26,517,SM/J,SHAM,0.852640668
26,518,SM/J,SHAM,10.71958426
27,520,KK/HIJ,SHAM,17.6984538
27,522,KK/HIJ,SHAM,10.27829325
27,524,MA/MyJ,SHAM,12.02965831
27,526,MA/MyJ,SHAM,14.26186819
28,556,A/J,SHAM,77.74684639
28,557,A/J,SHAM,74.48544336
28,527,AKR/J,SHAM,26.83107815
28,528,AKR/J,SHAM,16.5646453
28,532,AKR/J,SHAM,27.25755472
28,534,MOLF/EiJ,SHAM,0
28,535,MOLF/EiJ,SHAM,0
29,547,NZO/HILtJ,SHAM,22.76309595
29,548,NZO/HILtJ,SHAM,6.258693054
29,544,ZALENDE/EiJ,SHAM,26.0324825
30,568,LP/J,SHAM,21.97496437
30,569,LP/J,SHAM,8.572752688
31,601,LG/J,SHAM,25.17385323
31,603,LG/J,SHAM,23.54031511
31,597,PERA/EiJ,SHAM,31.78872696
31,599,PERA/EiJ,SHAM,43.23453519
31,593,PWD/PhJ,SHAM,0.278034703
31,596,PWD/PhJ,SHAM,0.648749161
32,610,I/LnJ,SHAM,13.30551486
32,611,I/LnJ,SHAM,37.56957412
32,606,NZO/HILtJ,SHAM,6.168832159
32,607,NZO/HILtJ,SHAM,31.64967521
33,625,NOD/ShiLtJ,SHAM,26.50602354
34,633,BTBR T+tf/J,SHAM,3.480277166
34,626,C3H/HeJ,SHAM,1.992586422
34,638,C57BR/cdJ,SHAM,6.209451531
34,639,C57BR/cdJ,SHAM,17.46988077
34,647,NZO/HILtJ,SHAM,6.163111911
34,649,NZO/HILtJ,SHAM,29.43903496
34,650,NZO/HILtJ,SHAM,11.08534142
34,634,SM/J,SHAM,2.270620251
34,628,WSB/EiJ,SHAM,0
34,629,WSB/EiJ,SHAM,3.799814643
35,654,MA/MyJ,SHAM,0.231695876
35,655,MA/MyJ,SHAM,0.648748564
35,662,PERA/EiJ,SHAM,22.70621029
35,665,PERA/EiJ,SHAM,6.305053879
35,657,RIIIS/J,SHAM,0.185356534
35,658,RIIIS/J,SHAM,0.417053243
36,670,KK/HIJ,SHAM,4.682429723
36,674,MA/MyJ,SHAM,0.648748564
36,675,MA/MyJ,SHAM,0.787767145
36,677,MA/MyJ,SHAM,0.046339342
36,682,PERA/EiJ,SHAM,4.958294578
36,685,PERA/EiJ,SHAM,26.08897446
36,679,RIIIS/J,SHAM,0.092678406
36,680,RIIIS/J,SHAM,0.18535709
37,686,MA/MyJ,SHAM,1.112140316
37,687,MA/MyJ,SHAM,0.139017748
37,690,ZALENDE/EiJ,SHAM,22.01112294
37,692,ZALENDE/EiJ,SHAM,0.417052688
38,694,P/J,SHAM,4.772938322
38,696,P/J,SHAM,6.818181142
38,699,P/J,SHAM,5.189991288
38,700,P/J,SHAM,8.758108388
38,702,WSB/EiJ,SHAM,14.87488179
38,704,WSB/EiJ,SHAM,25.11584912
39,717,BALB/cByJ,SHAM,1.760890268
39,718,BALB/cByJ,SHAM,2.641335541
39,713,C57BL/6J,SHAM,5.607043142
39,719,LG/J,SHAM,2.27062164
39,721,LG/J,SHAM,1.436515153
39,723,SEA/GnJ,SHAM,35.12511696
39,724,SEA/GnJ,SHAM,36.23725505
39,707,SWR/J,SHAM,0.092678406
39,708,SWR/J,SHAM,0.695088183
39,711,SWR/J,SHAM,0.139017748
39,728,WSB/EiJ,SHAM,11.12140899
39,730,WSB/EiJ,SHAM,9.128820901
40,736,C57BR/cdJ,SHAM,11.5027846
40,738,C57BR/cdJ,SHAM,20.64007491
40,739,P/J,SHAM,3.753475024
40,742,P/J,SHAM,2.826690409
41,747,C57BR/cdJ,SHAM,6.533828868
41,748,C57BR/cdJ,SHAM,8.95176155
41,761,CZECHII/EiJ,SHAM,0.370713624
41,755,LG/J,SHAM,2.224281742
41,757,LG/J,SHAM,5.053314379
41,763,PWD/PhJ,SHAM,0.185356812
41,766,PWD/PhJ,SHAM,0.509730816
42,783,CZECHII/EiJ,SHAM,25.62557938
42,784,CZECHII/EiJ,SHAM,5.10203944
42,775,I/LnJ,SHAM,20.63050578
42,776,I/LnJ,SHAM,6.026887539
42,772,MOLF/EiJ,SHAM,2.455976785
42,773,MOLF/EiJ,SHAM,1.390176089
42,795,MOLF/EiJ,SHAM,0.18535709
42,798,MOLF/EiJ,SHAM,0.092678406
42,779,PERA/EiJ,SHAM,26.79647627
42,780,PERA/EiJ,SHAM,29.08163009
42,767,SEA/GnJ,SHAM,9.272138908
42,769,SEA/GnJ,SHAM,51.94624555
42,789,ZALENDE/EiJ,SHAM,10.00926756
42,790,ZALENDE/EiJ,SHAM,1.993511307
43,818,BALB/cByJ,SHAM,5.192397952
43,819,BALB/cByJ,SHAM,4.26320584
43,816,C57BL/6J,SHAM,0
43,813,CBA/J,SHAM,12.76101906
43,814,CBA/J,SHAM,15.80899413
43,806,I/LnJ,SHAM,8.063020761
43,807,I/LnJ,SHAM,9.225778083
43,821,NON/ShiLtJ,SHAM,1.208178439
43,824,NON/ShiLtJ,SHAM,26.2059365
45,849,I/LnJ,SHAM,6.487488415
45,853,I/LnJ,SHAM,3.892492216
45,856,I/LnJ,SHAM,1.343836469
45,857,I/LnJ,SHAM,0.741426136
45,860,WSB/EiJ,SHAM,13.29935195
45,861,WSB/EiJ,SHAM,37.11770144
10.2,210,FVB/NJ,SHAM,1.812099807
10.2,212,FVB/NJ,SHAM,0.223027489
10.3,213,NOR/LtJ,SHAM,30.34867557
10.3,214,NOR/LtJ,SHAM,22.44215225
11.2,229,PL/J,SHAM,14.4490931
11.2,230,PL/J,SHAM,20.13947046
11.2,231,SM/J,SHAM,4.684885008
11.2,233,SM/J,SHAM,0.752717983
11.3,237,SWR/J,SHAM,0.529691051
11.3,238,SWR/J,SHAM,0.223027767
13.2,276,NOR/LtJ,SHAM,20.22879471
13.2,277,NOR/LtJ,SHAM,45.35823827
13.3,279,FVB/NJ,SHAM,3.010872211
13.3,280,FVB/NJ,SHAM,0
14.2,299,CBA/J,SHAM,0.864473008
14.2,300,CBA/J,SHAM,5.606693517
15.2,315,C57L/J,SHAM,5.99386508
15.2,316,C57L/J,SHAM,13.55270394
20.2,405,CZECHII/EiJ,SHAM,18.88579303
24.2,447,NON/ShiLtJ,SHAM,22.42002851
24.2,450,NON/ShiLtJ,SHAM,89.97772964
25.2,492,SM/J,SHAM,1.650286688
25.2,494,SM/J,SHAM,0.982573173
25.2,495,SM/J,SHAM,5.043573674
28.2,550,A/J,SHAM,20.21325941
28.2,537,RIIIS/J,SHAM,81.27895922
28.2,540,RIIIS/J,SHAM,75.05795055
29.2,551,PWD/PhJ,SHAM,0.185356812
29.2,553,PWD/PhJ,SHAM,0.13908192
30.2,585,SEA/GnJ,SHAM,21.56771736
30.2,586,SEA/GnJ,SHAM,29.47173392
30.3,590,LG/J,SHAM,2.594995922
30.3,592,LG/J,SHAM,4.958294023
35.2,667,I/LnJ,SHAM,12.55792359
35.2,669,I/LnJ,SHAM,30.18080797
39.2,731,LG/J,SHAM,3.799814088
39.2,734,LG/J,SHAM,5.192397952
3.2,61,NOR/LtJ,SHAM,1.979370006
3.2,63,NOR/LtJ,SHAM,3.457891475
42.2,867,MOLF/EiJ,SHAM,0.231696154
42.2,868,MOLF/EiJ,SHAM,0
42.2,792,P/J,SHAM,4.494903938
42.2,794,P/J,SHAM,0.509730816
44.2,844,KK/HIJ,SHAM,0.973123957
44.2,845,KK/HIJ,SHAM,0.370713624
4.2,68,C57L/J,SHAM,1.087259773
4.2,69,C57L/J,SHAM,14.85921458
8.2,165,AKR/J,SHAM,53.93195628
8.2,166,AKR/J,SHAM,40.61976428
9.2,191,NON/ShiLtJ,SHAM,44.89397318
9.2,193,NON/ShiLtJ,SHAM,39.37534867
2,23,C57BL/6J,SHAM,40.48549126
